<?xml version="1.0"?>
<pagescount>
	<html_total>23</html_total>
	<html_done>23</html_done>
	<images>135</images>
	<script>14</script>
	<css>6</css>
	<pdf>1</pdf>
	<documents/>
	<excel/>
	<powerpoint/>
	<flash/>
	<audios/>
	<videos/>
	<xml/>
	<json/>
	<txt/>
	<autocad/>
	<fonts>18</fonts>
	<scraping_reload>1</scraping_reload>
	<is_pretty_url>true</is_pretty_url>
	<is_ebn>false</is_ebn>
	<email>gabrielflorez1983@gmail.com</email>
	<theme_name>WmdTheme184805</theme_name>
	<server_url_front_page>https://www.waybackmachinedownloader.com/scraping/files/demo/cartoonnetwork.com.ar_gabrielflorez1983_gmail.com_2fexr5fi1q/</server_url_front_page>
	<no_www_url>cartoonnetwork.com.ar</no_www_url>
	<hosted_domain/>
	<original_archive_url>http://web.archive.org/web/20140421220045/http://www.cartoonnetwork.com.ar/usuario/registracion</original_archive_url>
	<final_archive_url>http://web.archive.org/web/20140421220045/http://www.cartoonnetwork.com.ar/usuario%2Fregistracion</final_archive_url>
	<front_page_code_date>20140421220045</front_page_code_date>
	<total_urls_from_api/>
	<max_reached_live>false</max_reached_live>
	<scrape_other_captures>false</scrape_other_captures>
	<total_size>5620</total_size>
</pagescount>
